{"empresarial capitalista": 0.4278501272201538, "sistema capitalista": 0.4113307595252991, "sociedad capitalista": 0.40386560559272766, "capitalista": 0.38475149869918823, "capitalista tradicional": 0.38166990876197815, "empresa capitalista": 0.3766311705112457, "totalidad capitalista": 0.37286409735679626, "capitalismo": 0.36508601903915405, "reproduccion social": 0.3417717516422272, "economia popular": 0.29094594717025757, "politica neoliberal": 0.28881317377090454, "produccion": 0.285213440656662, "economia": 0.28142261505126953, "liberalizacion": 0.28091534972190857, "reproduccion": 0.2791089415550232, "economicus": 0.27910315990448, "neoliberalismo": 0.2779145836830139, "produccion distribucion": 0.27116304636001587, "capital humano": 0.26989996433258057, "capital": 0.2697315216064453, "fenomeno socioeconomico": 0.2638370096683502, "marxista": 0.2628040313720703, "acumulacion capital": 0.2608814835548401, "reproduccion fuerza": 0.2604855000972748, "economia informal": 0.259032666683197, "macroeconomico": 0.25633111596107483, "socioeconomico": 0.2540934085845947, "produccion bien": 0.2533828020095825, "socioeconomica": 0.2523782253265381, "reproduccion de la vida": 0.24892015755176544, "economicamente": 0.2463729977607727, "trabajo remunerado": 0.2444421947002411, "reproduccion simple": 0.24306082725524902, "desempleo": 0.24283170700073242, "ideologico": 0.23632949590682983, "extraeconomica": 0.2344357669353485, "unidad economica": 0.23346459865570068, "trabajador oficio": 0.23300299048423767, "neoliberal": 0.23197534680366516, "clase trabajador": 0.2297920435667038, "remuneracion": 0.22766754031181335, "medio produccion": 0.2270907461643219, "sistema economico": 0.22496163845062256, "empleabilidad": 0.22476983070373535, "economista": 0.22304639220237732, "socialista": 0.22188800573349, "explotacion": 0.22090081870555878, "cooperativismo": 0.2201722413301468, "laboral": 0.2197563648223877, "microeconomico": 0.21907246112823486}