{"reproduccion social": 0.26388442516326904, "sociedad capitalista": 0.24836477637290955, "empresarial capitalista": 0.2425234019756317, "capitalista tradicional": 0.2378118336200714, "fenomeno socioeconomico": 0.23717427253723145, "economia popular": 0.23070329427719116, "sistema capitalista": 0.22372940182685852, "cooperativismo": 0.21775475144386292, "socioeconomico": 0.21118032932281494, "produccion": 0.21080973744392395, "capitalista": 0.20622171461582184, "socioeconomica": 0.20375022292137146, "reproduccion de la vida": 0.20179587602615356, "precarizacion": 0.20131424069404602, "trabajo remunerado": 0.20110756158828735, "empleo informal": 0.20042684674263, "reproduccion": 0.2003498673439026, "empresa capitalista": 0.19896861910820007, "laboral": 0.19888390600681305, "politica neoliberal": 0.1987878382205963, "trabajador oficio": 0.19600386917591095, "clase trabajador": 0.19561094045639038, "trabajadora": 0.1949213147163391, "precario": 0.19455640017986298, "derecho laboral": 0.19142907857894897, "totalidad capitalista": 0.19016575813293457, "capitalismo": 0.18958815932273865, "movimiento social": 0.18856322765350342, "proceso produccion": 0.18762671947479248, "economia": 0.1876150667667389, "integracion": 0.18743281066417694, "produccion bien": 0.18694236874580383, "economicus": 0.18676093220710754, "economia informal": 0.18610511720180511, "asociativo": 0.18546368181705475, "liberalizacion": 0.18396171927452087, "sindical": 0.18254363536834717, "empleo": 0.17930138111114502, "trabajador": 0.1778266876935959, "trabajador familiar": 0.17691878974437714, "trabajo asalariado": 0.17662936449050903, "reproduccion fuerza": 0.17579367756843567, "sociologia": 0.17337915301322937, "fuerza laboral": 0.17259341478347778, "desempleo": 0.17249208688735962, "familiar remuneracion": 0.17234982550144196, "ideologico": 0.172317773103714, "actividad economica": 0.17154718935489655, "medio produccion": 0.17140549421310425, "neoliberalismo": 0.16985030472278595}