{"economia popular": 0.3466680347919464, "economia informal": 0.3040767312049866, "desempleo": 0.2922433018684387, "empleo informal": 0.28220728039741516, "economia": 0.2780078649520874, "economicus": 0.27346599102020264, "extraeconomica": 0.271564781665802, "fenomeno socioeconomico": 0.269766628742218, "crecimiento economico": 0.2688779830932617, "economista": 0.2634603977203369, "clase trabajador": 0.26234498620033264, "empleo": 0.2598506212234497, "sectorial": 0.25917506217956543, "sector informal": 0.2567327618598938, "macroeconomico": 0.2559086084365845, "sector popular": 0.2404009848833084, "empresarial capitalista": 0.23942351341247559, "sector privado": 0.237591952085495, "reproduccion social": 0.23457375168800354, "neoliberalismo": 0.23421117663383484, "sector dinamico": 0.23039816319942474, "socioeconomica": 0.22793349623680115, "socioeconomico": 0.2272666096687317, "salario minimo": 0.22703716158866882, "actividad economica": 0.22669127583503723, "ingreso horario": 0.22616343200206757, "autoempleo": 0.22256311774253845, "trabajo remunerado": 0.2211645543575287, "sistema capitalista": 0.2195732593536377, "politica neoliberal": 0.21923479437828064, "trabajador oficio": 0.21859753131866455, "sector": 0.21826456487178802, "tendencia": 0.21308498084545135, "capitalista tradicional": 0.21155408024787903, "precario": 0.21061205863952637, "aumento": 0.2100556194782257, "totalidad capitalista": 0.21000361442565918, "salario": 0.20857468247413635, "produccion distribucion": 0.20838698744773865, "ingreso promedio": 0.20834815502166748, "poblacional": 0.20795771479606628, "trabajadora": 0.20679108798503876, "sociedad capitalista": 0.20670898258686066, "empleo registrado": 0.20553940534591675, "disciplina economico": 0.20442186295986176, "trabajador calificado": 0.20431359112262726, "capitalismo": 0.2021961808204651, "laboral": 0.2014187127351761, "precarizacion": 0.20033325254917145, "remuneracion": 0.19784915447235107}