{"crecimiento economico": 0.36986374855041504, "sistema capitalista": 0.36847081780433655, "totalidad capitalista": 0.3482288122177124, "sociedad capitalista": 0.345586359500885, "economicus": 0.34306877851486206, "empresarial capitalista": 0.33147555589675903, "economia popular": 0.32234105467796326, "economia": 0.32043910026550293, "capitalismo": 0.3190689980983734, "neoliberalismo": 0.3178914189338684, "capitalista": 0.31542670726776123, "fenomeno socioeconomico": 0.3143019676208496, "capitalista tradicional": 0.311551570892334, "macroeconomico": 0.3065521717071533, "politica neoliberal": 0.29505354166030884, "sistema economico": 0.2918574810028076, "reproduccion social": 0.2898671627044678, "economia informal": 0.28925174474716187, "extraeconomica": 0.2841602563858032, "socioeconomica": 0.2832801043987274, "socioeconomico": 0.2817472815513611, "empresa capitalista": 0.27938312292099, "acumulacion capital": 0.2743614912033081, "capital": 0.27027127146720886, "economicamente": 0.2658710181713104, "pobreza": 0.2640056312084198, "liberalizacion": 0.26275891065597534, "financiero": 0.25522124767303467, "\ufb01nanciero": 0.25522124767303467, "\ufb01nanciera": 0.25409162044525146, "superar pobreza": 0.2520957589149475, "economista": 0.24825765192508698, "economica": 0.24763381481170654, "neoliberal": 0.24604471027851105, "financiacion": 0.24519890546798706, "microeconomico": 0.24467134475708008, "economico": 0.2425309717655182, "riqueza": 0.24094897508621216, "desempleo": 0.2373325675725937, "ideologico": 0.23642247915267944, "expansion": 0.2321067601442337, "capital humano": 0.23186251521110535, "deuda": 0.22967399656772614, "relaci\u00f3n economica": 0.22930750250816345, "crecimiento": 0.2280673384666443, "financiar": 0.22685326635837555, "ampliacion": 0.22552192211151123, "globalizacion": 0.22442124783992767, "socialista": 0.2215348482131958, "ingreso promedio": 0.2213170826435089}