{"economia popular": 0.43328845500946045, "economia": 0.38679826259613037, "economia informal": 0.38570868968963623, "fenomeno socioeconomico": 0.38467884063720703, "economicus": 0.3745420575141907, "socioeconomico": 0.3515476882457733, "socioeconomica": 0.3504638969898224, "capitalista tradicional": 0.33698561787605286, "economista": 0.31987181305885315, "empresarial capitalista": 0.31088054180145264, "sociedad capitalista": 0.30947309732437134, "sistema capitalista": 0.3094337284564972, "extraeconomica": 0.30735623836517334, "relaci\u00f3n economica": 0.30699992179870605, "macroeconomico": 0.30431807041168213, "economicamente": 0.2967195212841034, "economica": 0.2910146713256836, "sistema economico": 0.289493590593338, "capitalismo": 0.2884872555732727, "capitalista": 0.27393603324890137, "neoliberalismo": 0.2717195451259613, "unidad economica": 0.2703179121017456, "reproduccion social": 0.2683219313621521, "economico": 0.26568013429641724, "totalidad capitalista": 0.2604639530181885, "politica neoliberal": 0.26037123799324036, "actividad economica": 0.25762391090393066, "disciplina economico": 0.2546968460083008, "practica economica": 0.25453129410743713, "microeconomico": 0.2543862462043762, "ideologico": 0.2479897439479828, "empresa capitalista": 0.23695433139801025, "crecimiento economico": 0.23581647872924805, "liberalizacion": 0.23264050483703613, "sociologia": 0.23237547278404236, "marxista": 0.2231360673904419, "movimiento social": 0.21938203275203705, "poblacional": 0.2146986722946167, "neoliberal": 0.21144245564937592, "marginalidad": 0.210422545671463, "ideologia": 0.210037499666214, "desempleo": 0.20709002017974854, "sector informal": 0.2051769196987152, "empleo informal": 0.20450016856193542, "socialista": 0.2008652687072754, "individualismo": 0.20009319484233856, "capital humano": 0.19907400012016296, "social solidario": 0.19874480366706848, "informal marginal": 0.19384297728538513, "clase trabajador": 0.1889617145061493}