{"trabajador calificado": 0.37435948848724365, "clase trabajador": 0.3531799614429474, "trabajador oficio": 0.35250604152679443, "trabajo remunerado": 0.3446287512779236, "empleo": 0.3410193920135498, "empleo informal": 0.3393981456756592, "trabajador": 0.33360427618026733, "trabajadora": 0.3216848373413086, "trabajo asalariado": 0.316855251789093, "trabajador familiar": 0.3150304853916168, "empleo registrado": 0.30858176946640015, "desempleo": 0.30296704173088074, "salario": 0.2952166199684143, "empleador": 0.29090815782546997, "ingreso promedio": 0.2906450629234314, "salario minimo": 0.28898686170578003, "categoria ocupacional": 0.2867239713668823, "laboral": 0.27918723225593567, "ingreso horario": 0.2774187922477722, "salarial": 0.275840699672699, "remuneracion": 0.2688719630241394, "familiar remuneracion": 0.2653194069862366, "autoempleo": 0.26515260338783264, "ingreso": 0.26469677686691284, "ocupaci\u00f3n": 0.26411542296409607, "empleado": 0.26336437463760376, "empleabilidad": 0.26326608657836914, "remuneraci\u00f3n": 0.2582283020019531, "economia popular": 0.25215137004852295, "ocupacional": 0.24453020095825195, "remunerado": 0.2441115528345108, "nivel ingreso": 0.24256813526153564, "desempleado": 0.23956327140331268, "insercion ocupacional": 0.2391449213027954, "cuentapropista oficio": 0.2370355725288391, "plan empleo": 0.2362377643585205, "economia informal": 0.23397564888000488, "trabajo": 0.2300240397453308, "fuerza laboral": 0.22755075991153717, "economista": 0.22531695663928986, "extraeconomica": 0.22260041534900665, "precario": 0.22236418724060059, "ocupacion": 0.21734505891799927, "bajo ingreso": 0.21695782244205475, "poblacional": 0.21654735505580902, "trabajar hora": 0.2163451761007309, "asalariado": 0.2162829041481018, "sectorial": 0.21615073084831238, "sector informal": 0.21595238149166107, "economia": 0.21459715068340302}