{"empresarial capitalista": 0.36909568309783936, "sociedad capitalista": 0.3652181029319763, "capitalista tradicional": 0.3626331090927124, "capitalista": 0.3456205725669861, "sistema capitalista": 0.33235907554626465, "totalidad capitalista": 0.3322334289550781, "capitalismo": 0.32633447647094727, "fenomeno socioeconomico": 0.3135340213775635, "marxista": 0.3104863464832306, "politica neoliberal": 0.3084827959537506, "socioeconomico": 0.2984011769294739, "neoliberalismo": 0.29781991243362427, "economia": 0.2975791096687317, "socioeconomica": 0.2949422001838684, "ideologico": 0.29091766476631165, "economia popular": 0.2903873324394226, "economicus": 0.2876811623573303, "empresa capitalista": 0.2872328758239746, "liberalizacion": 0.28508254885673523, "economista": 0.2832365036010742, "reproduccion social": 0.27875345945358276, "marginalidad": 0.2765941321849823, "macroeconomico": 0.27199041843414307, "ideologia": 0.2699735760688782, "neoliberal": 0.2640364468097687, "equidad": 0.2634308934211731, "desvalorizacion": 0.25932446122169495, "relaci\u00f3n economica": 0.2584576904773712, "mercantil": 0.2575429081916809, "individualismo": 0.2550502419471741, "economia informal": 0.2549475431442261, "extraeconomica": 0.2543324828147888, "economicamente": 0.24720188975334167, "unidad economica": 0.24236661195755005, "desigualdad": 0.23447738587856293, "disciplina economico": 0.23414024710655212, "igualdad": 0.23221610486507416, "capital humano": 0.23173297941684723, "valorizacion": 0.23127055168151855, "microeconomico": 0.23097127676010132, "mercado": 0.22880864143371582, "economico": 0.22789813578128815, "autoritario": 0.22623100876808167, "economica": 0.22370049357414246, "movimiento social": 0.21930718421936035, "comerciante": 0.21874463558197021, "dignidad": 0.2179543375968933, "liberal": 0.2146119922399521, "individuo": 0.2143154740333557, "sociologia": 0.21262776851654053}