{"sociedad capitalista": 0.38390764594078064, "sistema capitalista": 0.36440253257751465, "empresarial capitalista": 0.35234102606773376, "reproduccion social": 0.336246132850647, "capitalista tradicional": 0.3350312113761902, "fenomeno socioeconomico": 0.32628554105758667, "socioeconomica": 0.32142162322998047, "socioeconomico": 0.3206479251384735, "capitalista": 0.3195601999759674, "politica neoliberal": 0.3141458332538605, "liberalizacion": 0.31390878558158875, "capitalismo": 0.312273770570755, "totalidad capitalista": 0.30976781249046326, "neoliberalismo": 0.30689355731010437, "empresa capitalista": 0.2906005084514618, "economicus": 0.2865753769874573, "economia": 0.28651732206344604, "ideologico": 0.285338819026947, "economia popular": 0.27990466356277466, "marxista": 0.2793734669685364, "sistema economico": 0.27528974413871765, "social solidario": 0.2730134427547455, "movimiento social": 0.27170342206954956, "economia informal": 0.26999542117118835, "unidad economica": 0.2647022604942322, "individualismo": 0.2614193558692932, "neoliberal": 0.26097941398620605, "ideologia": 0.2546963691711426, "economicamente": 0.244680255651474, "cooperativismo": 0.2441832423210144, "homogeneo": 0.24410486221313477, "socialista": 0.24281832575798035, "integracion": 0.24049215018749237, "macroeconomico": 0.23941007256507874, "sociologia": 0.2385636568069458, "asociativo": 0.23672643303871155, "relaci\u00f3n economica": 0.23509445786476135, "social": 0.23454278707504272, "extraeconomica": 0.23304033279418945, "proteccion social": 0.23117730021476746, "segregacion": 0.23106729984283447, "liberal": 0.22410160303115845, "asociacion": 0.22351616621017456, "igualitario": 0.22326219081878662, "solidaridad": 0.2229461371898651, "marginalidad": 0.22281844913959503, "disciplina economico": 0.22259560227394104, "economista": 0.2210238128900528, "socialmente": 0.21884313225746155, "igualdad": 0.21725228428840637}