{"economia popular": 0.7690581679344177, "fenomeno socioeconomico": 0.6108242273330688, "economia informal": 0.563688337802887, "economicus": 0.5423460602760315, "economia": 0.5422043204307556, "socioeconomico": 0.5398749113082886, "socioeconomica": 0.5320897698402405, "extraeconomica": 0.4865316152572632, "economicamente": 0.4841240644454956, "capitalista tradicional": 0.47962480783462524, "popular solidario": 0.47695815563201904, "relaci\u00f3n economica": 0.47533565759658813, "disciplina economico": 0.47530829906463623, "economica": 0.4635331630706787, "practica economica": 0.45787444710731506, "sector popular": 0.4575754404067993, "macroeconomico": 0.45517969131469727, "economista": 0.454984188079834, "economico": 0.4400060176849365, "crecimiento economico": 0.4378141164779663, "popular": 0.43492722511291504, "sistema economico": 0.4348911941051483, "empresarial capitalista": 0.42902672290802, "actividad economica": 0.42733994126319885, "microeconomico": 0.4243721663951874, "sociedad capitalista": 0.4221009612083435, "sistema capitalista": 0.4068257808685303, "capitalismo": 0.4027760624885559, "poblaci\u00f3n": 0.40074288845062256, "unidad economica": 0.3874080181121826, "iniciativa colectivo": 0.38365069031715393, "poblacional": 0.38092076778411865, "capitalista": 0.3807834982872009, "neoliberalismo": 0.37728556990623474, "totalidad capitalista": 0.3734545409679413, "predominancia": 0.3730641007423401, "predominant": 0.36992913484573364, "politica neoliberal": 0.36393827199935913, "reproduccion social": 0.36236992478370667, "marginalidad": 0.3606491982936859, "informal marginal": 0.3602195084095001, "tendencia": 0.3588555157184601, "capital humano": 0.3563286066055298, "predominar": 0.35410451889038086, "predominante": 0.3533661365509033, "sector informal": 0.349182665348053, "empresa capitalista": 0.34854578971862793, "movimiento social": 0.3484852612018585, "sub poblaci\u00f3n": 0.3437243700027466, "precario": 0.3426731824874878}