{"organizaci\u00f3n basado": 0.33281588554382324, "organizativo": 0.32207438349723816, "organizacion": 0.31867051124572754, "organizaci\u00f3n": 0.3119533658027649, "organizacional": 0.30659300088882446, "forma organizacion": 0.3044106364250183, "organizaci\u00f3n territorial": 0.27815115451812744, "sistema capitalista": 0.25022992491722107, "sociedad capitalista": 0.2408856302499771, "empresarial capitalista": 0.23090600967407227, "asociativo": 0.22603651881217957, "asociacion": 0.22259292006492615, "iniciativa colectivo": 0.2220485806465149, "organizado": 0.20949450135231018, "unidad economica": 0.2089853435754776, "agrupamiento": 0.20845955610275269, "movimiento social": 0.20647454261779785, "empresa capitalista": 0.2047940492630005, "militante": 0.19717469811439514, "capitalista": 0.19629032909870148, "fenomeno socioeconomico": 0.19612574577331543, "reproduccion social": 0.19581948220729828, "grupo": 0.19514945149421692, "asociar": 0.19287154078483582, "agrupar": 0.1898646354675293, "capitalista tradicional": 0.1891251653432846, "identidad colectivo": 0.18887436389923096, "accion colectivo": 0.18788152933120728, "institucional": 0.18563398718833923, "sistema economico": 0.18481256067752838, "participativo": 0.18453064560890198, "unidad productivo": 0.18337255716323853, "participacion": 0.18287163972854614, "socioeconomica": 0.18282370269298553, "activista": 0.18158337473869324, "ideologico": 0.18125897645950317, "asociaci\u00f3n": 0.17966803908348083, "socioeconomico": 0.17913511395454407, "familia comunidad": 0.17743396759033203, "organizar": 0.17637065052986145, "unidad": 0.1758299022912979, "sociologia": 0.17539915442466736, "totalidad capitalista": 0.17450469732284546, "actividad economica": 0.1728527843952179, "voluntario": 0.17278920114040375, "inactividad": 0.1707475781440735, "politica neoliberal": 0.1701289415359497, "objetivo politico": 0.1690523326396942, "solidaridad": 0.16902053356170654, "economia popular": 0.16846489906311035}