{"organizaci\u00f3n basado": 0.3055814504623413, "trayectoria institucional": 0.27378273010253906, "forma organizacion": 0.2577885687351227, "organizacion": 0.256146103143692, "organizaci\u00f3n": 0.2547672390937805, "organizacional": 0.2544839382171631, "organizativo": 0.24656760692596436, "organizaci\u00f3n territorial": 0.24142473936080933, "objetivo politico": 0.19824546575546265, "institucional": 0.19278064370155334, "organizado": 0.18217334151268005, "ideologico": 0.1731351613998413, "individualismo": 0.16939689218997955, "estructuralista": 0.16297850012779236, "categorizado": 0.16287192702293396, "militante": 0.16262152791023254, "heterogeneidad estructural": 0.1617087423801422, "ideologia": 0.1600486934185028, "fenomeno socioeconomico": 0.15843665599822998, "tipologia": 0.15434382855892181, "unidad economica": 0.15416976809501648, "iniciativa eps": 0.15388263761997223, "caracterizacion": 0.15341737866401672, "objetivo": 0.15316924452781677, "politica neoliberal": 0.15281209349632263, "definicion": 0.14879488945007324, "de\ufb01nicion": 0.14879488945007324, "oposicion": 0.1472521424293518, "adopcion": 0.14712661504745483, "identidad colectivo": 0.14490891993045807, "liderazgo": 0.1448831558227539, "estructura intermedio": 0.14441750943660736, "organizar": 0.14360776543617249, "instituci\u00f3n": 0.1414766162633896, "dise\u00f1o politica": 0.1401740312576294, "lider": 0.13630855083465576, "individuo": 0.13504913449287415, "distincion": 0.13332605361938477, "tipo ideal": 0.13328339159488678, "potencialidad": 0.13286921381950378, "cuantitativo": 0.13176840543746948, "estructural": 0.1313493251800537, "estructura ocupacional": 0.13078559935092926, "entrevistado": 0.1296117603778839, "autoritario": 0.12894345819950104, "sector informal": 0.12858137488365173, "estructura": 0.12853114306926727, "definido": 0.1282150000333786, "organico": 0.12811338901519775, "estadistico": 0.12759456038475037}