{"reproduccion social": 0.4854240417480469, "sistema capitalista": 0.3924732208251953, "sociedad capitalista": 0.3881969451904297, "reproduccion": 0.3805232048034668, "produccion": 0.3721834421157837, "empresarial capitalista": 0.3614988625049591, "reproduccion de la vida": 0.36092135310173035, "produccion bien": 0.35183560848236084, "capitalista": 0.34231072664260864, "fenomeno socioeconomico": 0.340595006942749, "socioeconomico": 0.33890870213508606, "capitalismo": 0.33859822154045105, "totalidad capitalista": 0.33761754631996155, "socioeconomica": 0.3322770893573761, "capitalista tradicional": 0.32602739334106445, "empresa capitalista": 0.3141827881336212, "marxista": 0.30538320541381836, "feminismo": 0.3043312728404999, "igualdad": 0.3011108338832855, "produccion distribucion": 0.29507020115852356, "reproduccion simple": 0.2917613387107849, "reproduccion fuerza": 0.29126644134521484, "economicus": 0.29010918736457825, "reproductiva": 0.28855055570602417, "economia": 0.2872692346572876, "liberalizacion": 0.28692349791526794, "sistema economico": 0.2793753445148468, "proceso produccion": 0.2787691056728363, "economicamente": 0.27783605456352234, "neoliberalismo": 0.2778310477733612, "ideologico": 0.2773246169090271, "desigualdad": 0.2759106755256653, "feminista": 0.2730191946029663, "reproductivo": 0.2690243422985077, "productivo reproductivo": 0.2672736942768097, "sociologia": 0.26558154821395874, "politica neoliberal": 0.2637726068496704, "macroeconomico": 0.2629123628139496, "economia popular": 0.2619362473487854, "socialista": 0.2610299289226532, "medio produccion": 0.2606327533721924, "individualismo": 0.2585740387439728, "extraeconomica": 0.25801321864128113, "ideologia": 0.25574877858161926, "economista": 0.25509893894195557, "cooperativismo": 0.24974693357944489, "movimiento social": 0.24899457395076752, "poblacional": 0.24844679236412048, "microeconomico": 0.24621665477752686, "social": 0.2459462732076645}