{"economia informal": 0.4064042568206787, "empleo informal": 0.3870296776294708, "desempleo": 0.31778842210769653, "formal informal": 0.30141350626945496, "economia popular": 0.29887309670448303, "fenomeno socioeconomico": 0.2959096431732178, "sector informal": 0.2871340811252594, "economicus": 0.2822047770023346, "economia": 0.2722235918045044, "informalidad": 0.2697848081588745, "reproduccion social": 0.26653629541397095, "socioeconomica": 0.26397043466567993, "clase trabajador": 0.26331833004951477, "formalizacion": 0.2624046206474304, "socioeconomico": 0.26196572184562683, "trabajador oficio": 0.26194310188293457, "informal": 0.25954553484916687, "autoempleo": 0.25944703817367554, "empleo": 0.2462962567806244, "trabajador familiar": 0.2443569451570511, "sistema capitalista": 0.24353934824466705, "economista": 0.24322392046451569, "trabajo asalariado": 0.24224776029586792, "economicamente": 0.24134179949760437, "informal marginal": 0.24071815609931946, "informalidad luisa": 0.2404138445854187, "sistema economico": 0.23983050882816315, "extraeconomica": 0.23445814847946167, "formalidad": 0.2340775430202484, "precario": 0.23322227597236633, "empresarial capitalista": 0.23254990577697754, "precarizacion": 0.23231768608093262, "empleo registrado": 0.23213231563568115, "trabajo remunerado": 0.23095464706420898, "sociedad capitalista": 0.22989481687545776, "trabajadora": 0.2294931709766388, "derecho laboral": 0.22933527827262878, "laboral": 0.22865509986877441, "salario minimo": 0.22839990258216858, "trabajador": 0.22763442993164062, "neoliberalismo": 0.222666934132576, "trabajador calificado": 0.22176200151443481, "politica neoliberal": 0.2201235443353653, "empleador": 0.21901842951774597, "disciplina economico": 0.2189788967370987, "formal": 0.2168695330619812, "macroeconomico": 0.21541473269462585, "salario": 0.21234853565692902, "familiar remuneracion": 0.21054010093212128, "asalariado": 0.20982171595096588}