{"economia popular": 0.2962110638618469, "poblacional": 0.24980342388153076, "economicus": 0.2497389018535614, "fenomeno socioeconomico": 0.24951070547103882, "economia": 0.24929463863372803, "economia informal": 0.24896077811717987, "extraeconomica": 0.24088937044143677, "socioeconomica": 0.23254752159118652, "poblacion": 0.23212561011314392, "socioeconomico": 0.23151639103889465, "economista": 0.23032885789871216, "economicamente": 0.2288714051246643, "poblaci\u00f3n": 0.2276734709739685, "empleo informal": 0.2251734435558319, "censo": 0.22373472154140472, "estadistica": 0.21917524933815002, "macroeconomico": 0.21855643391609192, "economica": 0.21618078649044037, "clase trabajador": 0.21577110886573792, "categoria ocupacional": 0.21405380964279175, "empleo": 0.21394014358520508, "desempleo": 0.2101282775402069, "sub poblaci\u00f3n": 0.2085879147052765, "ingreso promedio": 0.2069340944290161, "relaci\u00f3n economica": 0.20097923278808594, "actividad economica": 0.19875077903270721, "crecimiento economico": 0.19674113392829895, "autoempleo": 0.19640877842903137, "unidad economica": 0.19565124809741974, "microeconomico": 0.19434894621372223, "cuantitativo": 0.1927834004163742, "sectorial": 0.19223247468471527, "sector informal": 0.1896055042743683, "trabajador calificado": 0.1872328817844391, "trabajadora": 0.18672122061252594, "necesidad basica": 0.18363702297210693, "trabajo remunerado": 0.18212193250656128, "empleabilidad": 0.18202561140060425, "economico": 0.18169334530830383, "estructura ocupacional": 0.1812090277671814, "estadistico": 0.18078647553920746, "reproduccion social": 0.18075767159461975, "precario": 0.18054281175136566, "definicion": 0.17890581488609314, "de\ufb01nicion": 0.17890581488609314, "categorizado": 0.17753711342811584, "sector popular": 0.1769842803478241, "ingreso": 0.17237207293510437, "ingreso horario": 0.17132601141929626, "empleo registrado": 0.1709131896495819}