{"reproduccion social": 0.33138564229011536, "sociedad capitalista": 0.3106558918952942, "sistema capitalista": 0.2993311285972595, "socioeconomica": 0.2870934307575226, "socioeconomico": 0.28274139761924744, "empresarial capitalista": 0.2798972427845001, "fenomeno socioeconomico": 0.2687985599040985, "asociativo": 0.2662724256515503, "capitalista tradicional": 0.26218360662460327, "capitalista": 0.2611604630947113, "asociacion": 0.2600761353969574, "cooperativismo": 0.2502358555793762, "totalidad capitalista": 0.24654805660247803, "economia popular": 0.24452662467956543, "empresa capitalista": 0.24412351846694946, "economia": 0.24213021993637085, "capitalismo": 0.2405213713645935, "produccion distribucion": 0.23922351002693176, "economia informal": 0.23865492641925812, "relaci\u00f3n economica": 0.23815122246742249, "economicus": 0.23675093054771423, "liberalizacion": 0.23631064593791962, "unidad economica": 0.23310881853103638, "reproduccion": 0.23230093717575073, "social solidario": 0.23209133744239807, "sistema economico": 0.2313772439956665, "produccion": 0.22987809777259827, "reproduccion simple": 0.22955088317394257, "asociar": 0.22210538387298584, "integracion": 0.22110936045646667, "economicamente": 0.21751996874809265, "homogeneo": 0.21619254350662231, "produccion bien": 0.21161200106143951, "solidaridad": 0.21100486814975739, "familia comunidad": 0.20200680196285248, "redistribucion": 0.1982729434967041, "proceso produccion": 0.19734735786914825, "politica neoliberal": 0.19705940783023834, "macroeconomico": 0.19528919458389282, "basado comunidad": 0.19293731451034546, "neoliberalismo": 0.19293023645877838, "extraeconomica": 0.19184166193008423, "actividad economica": 0.19170315563678741, "cooperativa": 0.19095581769943237, "cooperacion": 0.19071942567825317, "segregacion": 0.19015735387802124, "sociologia": 0.18965522944927216, "movimiento social": 0.18920812010765076, "crecimiento economico": 0.18860149383544922, "reproduccion fuerza": 0.1865190714597702}