{"reproduccion social": 0.3506995439529419, "sociedad capitalista": 0.3425014317035675, "sistema capitalista": 0.3287819027900696, "socioeconomica": 0.29501545429229736, "socioeconomico": 0.2914525866508484, "fenomeno socioeconomico": 0.2798057198524475, "empresarial capitalista": 0.2768659293651581, "totalidad capitalista": 0.2690569758415222, "capitalista": 0.2686327397823334, "social solidario": 0.2614695727825165, "capitalismo": 0.26044487953186035, "politica neoliberal": 0.2594742178916931, "socialista": 0.2558250427246094, "social": 0.2449488639831543, "sistema economico": 0.24488289654254913, "liberalizacion": 0.24402818083763123, "proteccion social": 0.23819401860237122, "integracion": 0.23624581098556519, "capitalista tradicional": 0.23571938276290894, "pobreza": 0.23535826802253723, "empresa capitalista": 0.23351623117923737, "economicamente": 0.23205631971359253, "seguridad social": 0.23084312677383423, "poblacional": 0.2295798361301422, "neoliberalismo": 0.22742623090744019, "socialmente": 0.22340422868728638, "sociologia": 0.2233486771583557, "economia popular": 0.22224827110767365, "economia": 0.2190360724925995, "sociedad civil": 0.21878084540367126, "extraeconomica": 0.21850696206092834, "economicus": 0.2178364098072052, "movimiento social": 0.2172711193561554, "capital humano": 0.21517950296401978, "asociativo": 0.21191103756427765, "poblaci\u00f3n": 0.20970940589904785, "sostenibilidad": 0.20831379294395447, "desigualdad": 0.20800641179084778, "sociedad": 0.20211189985275269, "asociacion": 0.20192737877368927, "economia informal": 0.20182791352272034, "desempleo": 0.20072321593761444, "redistribucion": 0.2004077285528183, "solidaridad": 0.19843938946723938, "riqueza": 0.19804567098617554, "superar pobreza": 0.19759312272071838, "homogeneo": 0.19738216698169708, "bienestar": 0.19447213411331177, "necesidad basica": 0.19421300292015076, "marxista": 0.19365143775939941}